video_id,video_timestamp,video_duration,video_locationcreated,video_diggcount,video_sharecount,video_commentcount,video_playcount,video_description,video_is_ad,video_stickers,author_username,author_name,author_followercount,author_followingcount,author_heartcount,author_videocount,author_diggcount,author_verified
7270630037391543595,2023-08-23T14:18:08,71,US,14000,147,320,80300,I wish being autistic made you cool lol #actuallyautistic #neurodivergent #fyp ,False,,morgaanfoley,Morgan Foleyüßö‚Äç‚ôÄÔ∏è,,,,,,False
7279813165943180586,2023-09-17T08:13:22,90,US,4005,37,89,24600,#fyp #actualyautistic #neurodivergent #autismburnout #unmaskingautism #audhd ,False,,morgaanfoley,Morgan Foleyüßö‚Äç‚ôÄÔ∏è,,,,,,False
7279436358140038446,2023-09-16T07:51:05,69,US,4028,35,156,27800,#fyp #actualyautistic #pdaautism #neurodivergent ,False,,morgaanfoley,Morgan Foleyüßö‚Äç‚ôÄÔ∏è,,,,,,False
7279118959826308394,2023-09-15T11:19:35,27,US,22000,310,595,141600,#fyp #neurodivergent #actualyautistic #audhd #adhd ,False,,morgaanfoley,Morgan Foleyüßö‚Äç‚ôÄÔ∏è,,,,,,False
7279061748588498218,2023-09-15T07:37:37,67,US,51900,489,388,354800,#fyp #neurodivergent #actualyautistic #audhd #autisminchildren ,False,,morgaanfoley,Morgan Foleyüßö‚Äç‚ôÄÔ∏è,,,,,,False
7278361596739472683,2023-09-13T10:20:28,64,US,65500,1345,670,277800,#fyp #neurodivergent #audhd #actualyautistic ,False,,morgaanfoley,Morgan Foleyüßö‚Äç‚ôÄÔ∏è,,,,,,False
7278361596739472683,2023-09-13T10:20:28,64,US,65500,1345,670,278000,#fyp #neurodivergent #audhd #actualyautistic ,False,,morgaanfoley,Morgan Foleyüßö‚Äç‚ôÄÔ∏è,,,,,,False
7277991026285972779,2023-09-12T10:22:32,76,US,239900,3093,1604,1100000,Open ended instructions do not work for me #fyp #neurodivergent #actualyautistic #audhd ,False,,morgaanfoley,Morgan Foleyüßö‚Äç‚ôÄÔ∏è,,,,,,False
7277268002666499374,2023-09-10T11:36:45,82,US,10500,151,166,74300,Sharing how i felt incase anyone else feels this way‚ù§Ô∏è #fyp #actualyautistic #audhd #neurodivergent #mentalhealth ,False,,morgaanfoley,Morgan Foleyüßö‚Äç‚ôÄÔ∏è,,,,,,False
7277935692519361798,2023-09-12T06:47:35,218,CA,66600,365,574,394000,"#TW manipulation. hi if u stayed til the end of this video, im so sorryüòÇüí© ya, gonna do a lil series of ways my dad and i seem similar cause i think its a very interesting social dynamic to look at as far as autistic relationships go. my family is gonna hear stuff abt my dad and shun me for talking about it lol #autism #paigelayle #abuse ",False,,paigelayle,paigelayle,,,,,,True
7278282612681018667,2023-09-13T05:14:13,36,US,11800,79,68,60500,"Early in our marriage, I went over to Jason‚Äôs family‚Äôs house and played Monopoly. The night ended in my tears. I think I get it now.  #crunchymom #hobbyhorsing #homeschooling ",False,,reallyverycrunchy,ReallyVeryCrunchy,,,,,,True
7278282612681018667,2023-09-13T05:14:13,36,US,11800,79,68,60500,"Early in our marriage, I went over to Jason‚Äôs family‚Äôs house and played Monopoly. The night ended in my tears. I think I get it now.  #crunchymom #hobbyhorsing #homeschooling ",False,,reallyverycrunchy,ReallyVeryCrunchy,,,,,,True
7278029964270718241,2023-09-12T12:53:28,108,GB,162200,3589,2032,851400,Tiktok muted the original for no good reason (its just my voice godammit) and a few folks have asked for me to reupload it so here it is again #philosophy #loneliness ,False,,jack.lawro,Jack Lawrence,,,,,,False
7278715793616080174,2023-09-14T09:14:54,97,US,8778,44,115,46300,#news #science #marinebiology #mindblown #paleontology #evolution #sciencenews #funfacts ,False,,oddpride,OddPride,,,,,,False
7283290419398741294,2023-09-26T17:06:53,173,US,174400,4463,8982,1000000,World in crisis. #Corecore #Costofliving #Silentdepression #US #UK #Canada #SouthAmerica #Africa #Australia #Asia #Capitalism #Leftist #Conservative ,False,,evolvetruth,Evolving Truth,,,,,,False
7274656804846718254,2023-09-03T10:44:04,8,US,966,3,18,12200,#stitch with @blakeoftoday #saltbuddies ,False,,buzzfunk,Buzzfunk,,,,,,False
7285829686607858952,2023-10-03T13:20:25,23,NZ,8532,249,423,51400,#stitch with @Allison Tennyson this is one of them hills I'll die on.. #growingpains are the response your body has when you over do it as a child with a connective tissue disorder.  #chronicillness #autistic #adhd #audhd #bendybitch #fyp #audhdtok #autistok #adhdtok ,False,,contraryconstance,Constance Facer,,,,,,False
7282490003203165483,2023-09-24T13:20:46,137,US,161300,929,840,1300000,ü™°üßµ with @Achilles in the Anthropocene #historyfacts #avocadotoast #anticapitalism #classconsciousness ,False,,sadbeige,That Sad Beige Lady,,,,,,True
7289490501177462062,2023-10-13T10:06:17,76,US,59800,523,608,468700,I went through like 4 therapists before someone picked up on the autism #actuallyautistic #autism #audhd ,False,,morgaanfoley,Morgan Foleyüßö‚Äç‚ôÄÔ∏è,,,,,,False
7289490501177462062,2023-10-13T10:06:17,76,US,60100,523,608,470600,I went through like 4 therapists before someone picked up on the autism #actuallyautistic #autism #audhd ,False,,morgaanfoley,Morgan Foleyüßö‚Äç‚ôÄÔ∏è,,,,,,False
7288026331416218922,2023-10-09T11:24:46,15,US,790000,18900,12900,4100000,#stitch with @Timothy James ,False,,eggsalad88888,Elizabeth,,,,,,False
7288440210487053599,2023-10-10T14:10:39,191,US,15200,1922,877,148100,Replying to @olivermyfriend #greenscreen ,False,,shipwreck_show,Shipwreck,,,,,,False
7293664523473505537,2023-10-24T16:03:42,27,AU,769,7,11,8967,Autism internalisation overcompensation #neurodiversity #autism #masking #rigidity ,False,,nd_psych,Dr Joey ~ Autistic Psych,,,,,,False
7293664523473505537,2023-10-24T16:03:42,27,AU,769,7,11,8967,Autism internalisation overcompensation #neurodiversity #autism #masking #rigidity ,False,,nd_psych,Dr Joey ~ Autistic Psych,,,,,,False
